,name,F1,EM,mrt
0,TCT-JPQ-top5,0.41066031565884975,0.2772853185595568,158.52690320191104
1,TCT-JPQ-top10,0.43182186131769373,0.2994459833795014,236.98379627965556
2,E5-JPQ-top5,0.46366174743766314,0.31357340720221605,168.24824546290938
3,E5-JPQ-top10,0.48113427257077607,0.3335180055401662,236.65352900579592
