,name,F1,EM,mrt
0,TCT-JPQ-top5,0.3988918114818399,0.26371191135734073,162.69816748160673
1,TCT-JPQ-top10,0.4135591985730496,0.27202216066481993,233.13212056123132
2,E5-JPQ-top5,0.4426464486575303,0.29418282548476454,159.6995910678647
3,E5-JPQ-top10,0.4525977498684048,0.3038781163434903,235.03805105406738
