,name,F1,EM,mrt
0,TCT-JPQ-top5,0.3817925687707987,0.24875346260387812,161.37181025519556
1,TCT-JPQ-top10,0.40509232449201843,0.27590027700831027,237.27507741523291
2,E5-JPQ-top5,0.46436169756372137,0.3152354570637119,158.20182490193508
3,E5-JPQ-top10,0.4767331043092437,0.32742382271468146,234.30290424737078
