,name,F1,EM,mrt
0,TCT-JPQ-top5,0.3633847377614694,0.23157894736842105,161.7990051916029
1,TCT-JPQ-top10,0.385057466306191,0.24709141274238228,242.37328984625017
2,E5-JPQ-top5,0.4402125113132132,0.2894736842105263,165.1191276725165
3,E5-JPQ-top10,0.4496456674248631,0.29778393351800553,245.03179944347374
